-- Seed roles (is_seed=true)
INSERT INTO auth_role (id, role_code, role_name, description, is_seed, created_at, created_by, deleted) VALUES
('22222222-2222-2222-2222-222222222201', 'SUPER_ADMIN', 'Super Administrator', 'Full platform administration', TRUE, NOW(6), 'SYSTEM', FALSE),
('22222222-2222-2222-2222-222222222202', 'CRM_ADMIN', 'CRM Administrator', 'CRM module administration', TRUE, NOW(6), 'SYSTEM', FALSE),
('22222222-2222-2222-2222-222222222203', 'SALES_MANAGER', 'Sales Manager', 'Team pipeline visibility and management', TRUE, NOW(6), 'SYSTEM', FALSE),
('22222222-2222-2222-2222-222222222204', 'SALES_REP', 'Sales Representative', 'Own customer/lead/opportunity operations', TRUE, NOW(6), 'SYSTEM', FALSE),
('22222222-2222-2222-2222-222222222205', 'AUDITOR', 'Auditor', 'Read-only access to operational and audit views', TRUE, NOW(6), 'SYSTEM', FALSE);

-- Seed permissions (37 total)
INSERT INTO auth_permission (id, permission_code, resource_name, action_name, created_at, created_by, deleted) VALUES
('33333333-3333-3333-3333-333333333301', 'customer:create', 'customer', 'create', NOW(6), 'SYSTEM', FALSE),
('33333333-3333-3333-3333-333333333302', 'customer:read', 'customer', 'read', NOW(6), 'SYSTEM', FALSE),
('33333333-3333-3333-3333-333333333303', 'customer:update', 'customer', 'update', NOW(6), 'SYSTEM', FALSE),
('33333333-3333-3333-3333-333333333304', 'customer:delete', 'customer', 'delete', NOW(6), 'SYSTEM', FALSE),
('33333333-3333-3333-3333-333333333305', 'lead:create', 'lead', 'create', NOW(6), 'SYSTEM', FALSE),
('33333333-3333-3333-3333-333333333306', 'lead:read', 'lead', 'read', NOW(6), 'SYSTEM', FALSE),
('33333333-3333-3333-3333-333333333307', 'lead:update', 'lead', 'update', NOW(6), 'SYSTEM', FALSE),
('33333333-3333-3333-3333-333333333308', 'lead:convert', 'lead', 'convert', NOW(6), 'SYSTEM', FALSE),
('33333333-3333-3333-3333-333333333309', 'lead:delete', 'lead', 'delete', NOW(6), 'SYSTEM', FALSE),
('33333333-3333-3333-3333-333333333310', 'opportunity:create', 'opportunity', 'create', NOW(6), 'SYSTEM', FALSE),
('33333333-3333-3333-3333-333333333311', 'opportunity:read', 'opportunity', 'read', NOW(6), 'SYSTEM', FALSE),
('33333333-3333-3333-3333-333333333312', 'opportunity:update', 'opportunity', 'update', NOW(6), 'SYSTEM', FALSE),
('33333333-3333-3333-3333-333333333313', 'opportunity:delete', 'opportunity', 'delete', NOW(6), 'SYSTEM', FALSE),
('33333333-3333-3333-3333-333333333314', 'activity:create', 'activity', 'create', NOW(6), 'SYSTEM', FALSE),
('33333333-3333-3333-3333-333333333315', 'activity:read', 'activity', 'read', NOW(6), 'SYSTEM', FALSE),
('33333333-3333-3333-3333-333333333316', 'task:create', 'task', 'create', NOW(6), 'SYSTEM', FALSE),
('33333333-3333-3333-3333-333333333317', 'task:read', 'task', 'read', NOW(6), 'SYSTEM', FALSE),
('33333333-3333-3333-3333-333333333318', 'task:update', 'task', 'update', NOW(6), 'SYSTEM', FALSE),
('33333333-3333-3333-3333-333333333319', 'task:delete', 'task', 'delete', NOW(6), 'SYSTEM', FALSE),
('33333333-3333-3333-3333-333333333320', 'note:create', 'note', 'create', NOW(6), 'SYSTEM', FALSE),
('33333333-3333-3333-3333-333333333321', 'note:read', 'note', 'read', NOW(6), 'SYSTEM', FALSE),
('33333333-3333-3333-3333-333333333322', 'note:update', 'note', 'update', NOW(6), 'SYSTEM', FALSE),
('33333333-3333-3333-3333-333333333323', 'note:delete', 'note', 'delete', NOW(6), 'SYSTEM', FALSE),
('33333333-3333-3333-3333-333333333324', 'user:create', 'user', 'create', NOW(6), 'SYSTEM', FALSE),
('33333333-3333-3333-3333-333333333325', 'user:read', 'user', 'read', NOW(6), 'SYSTEM', FALSE),
('33333333-3333-3333-3333-333333333326', 'user:update', 'user', 'update', NOW(6), 'SYSTEM', FALSE),
('33333333-3333-3333-3333-333333333327', 'user:assign_role', 'user', 'assign_role', NOW(6), 'SYSTEM', FALSE),
('33333333-3333-3333-3333-333333333328', 'role:create', 'role', 'create', NOW(6), 'SYSTEM', FALSE),
('33333333-3333-3333-3333-333333333329', 'role:read', 'role', 'read', NOW(6), 'SYSTEM', FALSE),
('33333333-3333-3333-3333-333333333330', 'role:update', 'role', 'update', NOW(6), 'SYSTEM', FALSE),
('33333333-3333-3333-3333-333333333331', 'role:assign_claim', 'role', 'assign_claim', NOW(6), 'SYSTEM', FALSE),
('33333333-3333-3333-3333-333333333332', 'role:assign_permission', 'role', 'assign_permission', NOW(6), 'SYSTEM', FALSE),
('33333333-3333-3333-3333-333333333333', 'claim:create', 'claim', 'create', NOW(6), 'SYSTEM', FALSE),
('33333333-3333-3333-3333-333333333334', 'claim:read', 'claim', 'read', NOW(6), 'SYSTEM', FALSE),
('33333333-3333-3333-3333-333333333335', 'permission:create', 'permission', 'create', NOW(6), 'SYSTEM', FALSE),
('33333333-3333-3333-3333-333333333336', 'permission:read', 'permission', 'read', NOW(6), 'SYSTEM', FALSE),
('33333333-3333-3333-3333-333333333337', 'audit:read', 'audit', 'read', NOW(6), 'SYSTEM', FALSE);

-- Assign all permissions to SUPER_ADMIN role
INSERT INTO auth_role_permission (role_id, permission_id) VALUES
('22222222-2222-2222-2222-222222222201', '33333333-3333-3333-3333-333333333301'),
('22222222-2222-2222-2222-222222222201', '33333333-3333-3333-3333-333333333302'),
('22222222-2222-2222-2222-222222222201', '33333333-3333-3333-3333-333333333303'),
('22222222-2222-2222-2222-222222222201', '33333333-3333-3333-3333-333333333304'),
('22222222-2222-2222-2222-222222222201', '33333333-3333-3333-3333-333333333305'),
('22222222-2222-2222-2222-222222222201', '33333333-3333-3333-3333-333333333306'),
('22222222-2222-2222-2222-222222222201', '33333333-3333-3333-3333-333333333307'),
('22222222-2222-2222-2222-222222222201', '33333333-3333-3333-3333-333333333308'),
('22222222-2222-2222-2222-222222222201', '33333333-3333-3333-3333-333333333309'),
('22222222-2222-2222-2222-222222222201', '33333333-3333-3333-3333-333333333310'),
('22222222-2222-2222-2222-222222222201', '33333333-3333-3333-3333-333333333311'),
('22222222-2222-2222-2222-222222222201', '33333333-3333-3333-3333-333333333312'),
('22222222-2222-2222-2222-222222222201', '33333333-3333-3333-3333-333333333313'),
('22222222-2222-2222-2222-222222222201', '33333333-3333-3333-3333-333333333314'),
('22222222-2222-2222-2222-222222222201', '33333333-3333-3333-3333-333333333315'),
('22222222-2222-2222-2222-222222222201', '33333333-3333-3333-3333-333333333316'),
('22222222-2222-2222-2222-222222222201', '33333333-3333-3333-3333-333333333317'),
('22222222-2222-2222-2222-222222222201', '33333333-3333-3333-3333-333333333318'),
('22222222-2222-2222-2222-222222222201', '33333333-3333-3333-3333-333333333319'),
('22222222-2222-2222-2222-222222222201', '33333333-3333-3333-3333-333333333320'),
('22222222-2222-2222-2222-222222222201', '33333333-3333-3333-3333-333333333321'),
('22222222-2222-2222-2222-222222222201', '33333333-3333-3333-3333-333333333322'),
('22222222-2222-2222-2222-222222222201', '33333333-3333-3333-3333-333333333323'),
('22222222-2222-2222-2222-222222222201', '33333333-3333-3333-3333-333333333324'),
('22222222-2222-2222-2222-222222222201', '33333333-3333-3333-3333-333333333325'),
('22222222-2222-2222-2222-222222222201', '33333333-3333-3333-3333-333333333326'),
('22222222-2222-2222-2222-222222222201', '33333333-3333-3333-3333-333333333327'),
('22222222-2222-2222-2222-222222222201', '33333333-3333-3333-3333-333333333328'),
('22222222-2222-2222-2222-222222222201', '33333333-3333-3333-3333-333333333329'),
('22222222-2222-2222-2222-222222222201', '33333333-3333-3333-3333-333333333330'),
('22222222-2222-2222-2222-222222222201', '33333333-3333-3333-3333-333333333331'),
('22222222-2222-2222-2222-222222222201', '33333333-3333-3333-3333-333333333332'),
('22222222-2222-2222-2222-222222222201', '33333333-3333-3333-3333-333333333333'),
('22222222-2222-2222-2222-222222222201', '33333333-3333-3333-3333-333333333334'),
('22222222-2222-2222-2222-222222222201', '33333333-3333-3333-3333-333333333335'),
('22222222-2222-2222-2222-222222222201', '33333333-3333-3333-3333-333333333336'),
('22222222-2222-2222-2222-222222222201', '33333333-3333-3333-3333-333333333337');

-- Default admin user (password: Admin@123456, bcrypt hashed)
INSERT INTO auth_user (id, username, email, password_hash, full_name, status, failed_login_attempts, created_at, created_by, deleted) VALUES
('11111111-1111-1111-1111-111111111111', 'admin', 'admin@crm.local', '$2b$10$yfYkO7Cgh83UZCz80wgjRu9kyW3Njn/jnG1yDLFyEX88BVjWQmx8i', 'System Administrator', 'ACTIVE', 0, NOW(6), 'SYSTEM', FALSE);

-- Assign SUPER_ADMIN role to admin user
INSERT INTO auth_user_role (user_id, role_id) VALUES
('11111111-1111-1111-1111-111111111111', '22222222-2222-2222-2222-222222222201');
